{
  "AlarmClockMike/Geom/ClockBody/MinuteHandRotate/LongArm/LongArmShape": [[0.17267107963562012, 0.022293431684374809, 0.3349965512752533], [1.0, 0.0, 0.0, 0.0, 0.0, 0.97437006478523558, -0.22495105434386334, 0.0, 0.0, 0.22495105434386334, 0.97437006478523558, 0.0, 0.0, -4.0175059371507738, -0.22107212117854047, 1.0], 207144, 59394, 205824, 59392],
  "AlarmClockMike/Geom/Feet/Foot1/Foot1Ring/Foot1RingShape": [[0.11624322086572647, 0.35431444644927979, 0.49437704682350159], [1.0, 0.0, 0.0, 0.0, 0.0, 1.0, 0.0, 0.0, 0.0, 0.0, 1.0, 0.0, 0.0, 0.0, 0.0, 1.0], 122757, 28674, 121856, 28672],
  "AlarmClockMike/Geom/ClockBody/ClockKnob/nurbsToPoly6/nurbsToPolyShape6": [[0.12385748326778412, 0.18173493444919586, 0.21762417256832123], [1.0, 0.0, 0.0, 0.0, 0.0, 1.0, 0.0, 0.0, 0.0, 0.0, 1.0, 0.0, 0.0, 0.0, 0.0, 1.0], 677781, 32688, 674816, 32512],
  "AlarmClockMike/Geom/Feet/Foot2/Foot2Ring/Foot2RingShape": [[0.11624322086572647, 0.35431444644927979, 0.49437704682350159], [1.0, 0.0, 0.0, 0.0, 0.0, 1.0, 0.0, 0.0, 0.0, 0.0, 1.0, 0.0, 0.0, 0.0, 0.0, 1.0], 609938, 28674, 607232, 28672],
  "AlarmClockMike/Geom/Ringer/pCylinder2/pCylinderShape2": [[0.12385748326778412, 0.18173493444919586, 0.21762417256832123], [1.0, 0.0, 0.0, 0.0, 0.0, 1.0, 0.0, 0.0, 0.0, 0.0, 1.0, 0.0, 0.0, 0.0, 0.0, 1.0], 178152, 6336, 177152, 6144],
  "AlarmClockMike/Geom/Bells/Bell1/Bell1Surface/Bell1SurfaceShape": [[0.64449536800384521, 0.069947347044944763, 0.014999617822468281], [1.0, 0.0, 0.0, 0.0, 0.0, 1.0, 0.0, 0.0, 0.0, 0.0, 1.0, 0.0, 0.0, 0.0, 0.0, 1.0], 482352, 22656, 480256, 22528],
  "AlarmClockMike/Geom/ClockBody/Bolt/pCube1/pCubeShape1": [[0.076783403754234314, 0.21257343888282776, 0.49437704682350159], [1.0, 0.0, 0.0, 0.0, 0.0, 1.0, 0.0, 0.0, 0.0, 0.0, 1.0, 0.0, 0.0, 0.0, 0.0, 1.0], 4257, 5185, 4096, 5120],
  "AlarmClockMike/Geom/ClockBody/ClockGlass/ClockGlassShape": [[0.64551770687103271, 0.77720296382904053, 0.69102001190185547], [1.0, 0.0, 0.0, 0.0, 0.0, 1.0, 0.0, 0.0, 0.0, 0.0, 1.0, 0.0, 0.0, 0.0, 0.0, 1.0], 564753, 45185, 562176, 45056],
  "AlarmClockMike/Geom/ClockBody/ClockKnob/nurbsToPoly5/nurbsToPolyShape5": [[0.12385748326778412, 0.18173493444919586, 0.21762417256832123], [1.0, 0.0, 0.0, 0.0, 0.0, 1.0, 0.0, 0.0, 0.0, 0.0, 1.0, 0.0, 0.0, 0.0, 0.0, 1.0], 531729, 33024, 529408, 32768],
  "AlarmClockMike/Geom/ClockBody/ClockCase/ClockCaseShape": [[0.11624322086572647, 0.35431444644927979, 0.11624322086572647], [1.0, 0.0, 0.0, 0.0, 0.0, 1.0, 0.0, 0.0, 0.0, 0.0, 1.0, 0.0, 0.0, 0.0, 0.0, 1.0], 69092, 49408, 68608, 49152],
  "AlarmClockMike/Geom/ClockBody/PanelOrnament/pPlane2/pPlaneShape2": [[0.31648737192153931, 0.0039063091389834881, 0.0053406576626002789], [1.0, 0.0, 0.0, 0.0, 0.0, 1.0, 0.0, 0.0, 0.0, 0.0, 1.0, 0.0, 0.0, 0.0, 0.0, 1.0], 369291, 4257, 367616, 4096],
  "AlarmClockMike/Geom/ClockBody/ClockPanel/ClockPanelShape": [[0.56508731842041016, 0.87681388854980469, 0.80515754222869873], [1.0729818116941399, 0.0, 0.0, 0.0, 0.0, 1.0729818116941399, 0.0, 0.0, 0.0, 0.0, 1.0729818116941399, 0.0, 0.0, 0.4205513703987025, -1.3512968506061362, 1.0], 638612, 20609, 635904, 20480],
  "AlarmClockMike/Geom/Bells/Bell1/bellSupport1/bellSupportShape1": [[0.12385748326778412, 0.18173493444919586, 0.21762417256832123], [1.0, 0.0, 0.0, 0.0, 0.0, 1.0, 0.0, 0.0, 0.0, 0.0, 1.0, 0.0, 0.0, 0.0, 0.0, 1.0], 44260, 24832, 44032, 24576],
  "AlarmClockMike/Geom/ClockBody/PanelOrnament/pPlane3/pPlaneShape3": [[0.31648737192153931, 0.0039063091389834881, 0.0053406576626002789], [1.0, 0.0, 0.0, 0.0, 0.0, 1.0, 0.0, 0.0, 0.0, 0.0, 1.0, 0.0, 0.0, 0.0, 0.0, 1.0], 118500, 4257, 117760, 4096],
  "AlarmClockMike/Geom/Feet/Foot1/Foot1Surface/Foot1SurfaceShape": [[0.31648737192153931, 0.0039063091389834881, 0.0053406576626002789], [1.0, 0.0, 0.0, 0.0, 0.0, 1.0, 0.0, 0.0, 0.0, 0.0, 1.0, 0.0, 0.0, 0.0, 0.0, 1.0], 151431, 26721, 150528, 26624],
  "AlarmClockMike/Geom/ClockBody/ClockFrame/polySurface1/polySurfaceShape13": [[0.11624322086572647, 0.35431444644927979, 0.49437704682350159], [1.0, 0.0, 0.0, 0.0, 0.0, 1.0, 0.0, 0.0, 0.0, 0.0, 1.0, 0.0, 0.0, 0.0, 0.0, 1.0], 659221, 18560, 656384, 18432],
  "AlarmClockMike/Geom/Bells/Bell1/Bell1Cone/Bell1ConeShape": [[0.12385748326778412, 0.18173493444919586, 0.21762417256832123], [1.0, 0.0, 0.0, 0.0, 0.0, 1.0, 0.0, 0.0, 0.0, 0.0, 1.0, 0.0, 0.0, 0.0, 0.0, 1.0], 266538, 45153, 265216, 45056],
  "AlarmClockMike/Geom/Feet/Foot2/Foot2Surface/Foot2SurfaceShape": [[0.31648737192153931, 0.0039063091389834881, 0.0053406576626002789], [1.0, 0.0, 0.0, 0.0, 0.0, 1.0, 0.0, 0.0, 0.0, 0.0, 1.0, 0.0, 0.0, 0.0, 0.0, 1.0], 505008, 26721, 502784, 26624],
  "AlarmClockMike/Geom/ClockBody/Bolt/pCylinder3/pCylinderShape3": [[0.12385748326778412, 0.18173493444919586, 0.21762417256832123], [1.0, 0.0, 0.0, 0.0, 0.0, 1.0, 0.0, 0.0, 0.0, 0.0, 1.0, 0.0, 0.0, 0.0, 0.0, 1.0], 9442, 34818, 9216, 34816],
  "AlarmClockMike/Geom/ClockBody/HourHand/HourHandTweak/SmallArm/SmallArmShape": [[0.2849927544593811, 0.0035095748025923967, 0.0090180831030011177], [1.0, 0.0, 0.0, 0.0, 0.0, 0.97437006478523558, -0.22495105434386334, 0.0, 0.0, 0.22495105434386334, 0.97437006478523558, 0.0, 0.0, 0.027336526124619009, 0.005901003362095425, 1.0], 373548, 59394, 371712, 59392],
  "AlarmClockMike/Geom/ClockBody/PanelOrnament/pPlane4/pPlaneShape4": [[0.31648737192153931, 0.0039063091389834881, 0.0053406576626002789], [1.0, 0.0, 0.0, 0.0, 0.0, 1.0, 0.0, 0.0, 0.0, 0.0, 1.0, 0.0, 0.0, 0.0, 0.0, 1.0], 478095, 4257, 476160, 4096],
  "AlarmClockMike/Geom/Ringer/top/topShape": [[0.75900000333786011, 0.62024718523025513, 0.072104997932910919], [1.0, 0.0, 0.0, 0.0, 0.0, 1.0, 0.0, 0.0, 0.0, 0.0, 1.0, 0.0, 0.0, 0.0, 0.0, 1.0], 745287, 26721, 742144, 26624],
  "AlarmClockMike/Geom/Bells/Bell2/Bell2Cone/Bell2ConeShape": [[0.12385748326778412, 0.18173493444919586, 0.21762417256832123], [1.0, 0.0, 0.0, 0.0, 0.0, 1.0, 0.0, 0.0, 0.0, 0.0, 1.0, 0.0, 0.0, 0.0, 0.0, 1.0], 432942, 45153, 431104, 45056],
  "AlarmClockMike/Geom/ClockBody/ClockFrame/polySurface2/polySurfaceShape14": [[0.11624322086572647, 0.35431444644927979, 0.49437704682350159], [1.0, 0.0, 0.0, 0.0, 0.0, 1.0, 0.0, 0.0, 0.0, 0.0, 1.0, 0.0, 0.0, 0.0, 0.0, 1.0], 311691, 57600, 310272, 57344],
  "AlarmClockMike/Geom/Bells/Bell2/Bell2Surface/Bell2SurfaceShape": [[0.64449536800384521, 0.069947347044944763, 0.014999617822468281], [1.0, 0.0, 0.0, 0.0, 0.0, 1.0, 0.0, 0.0, 0.0, 0.0, 1.0, 0.0, 0.0, 0.0, 0.0, 1.0], 184488, 22656, 183296, 22528],
  "AlarmClockMike/Geom/Ringer/pCylinder1/pCylinderShape1": [[0.12385748326778412, 0.18173493444919586, 0.21762417256832123], [1.0, 0.0, 0.0, 0.0, 0.0, 1.0, 0.0, 0.0, 0.0, 0.0, 1.0, 0.0, 0.0, 0.0, 0.0, 1.0], 710469, 34818, 707328, 34816],
  "AlarmClockMike/Geom/Bells/Bell2/bellSupport2/bellSupportShape2": [[0.12385748326778412, 0.18173493444919586, 0.21762417256832123], [1.0, 0.0, 0.0, 0.0, 0.0, 1.0, 0.0, 0.0, 0.0, 0.0, 1.0, 0.0, 0.0, 0.0, 0.0, 1.0], 772008, 24832, 768768, 24576],
  "AlarmClockMike/Geom/ClockBody/PanelOrnament/pPlane1/pPlaneShape1": [[0.31648737192153931, 0.0039063091389834881, 0.0053406576626002789], [1.0, 0.0, 0.0, 0.0, 0.0, 1.0, 0.0, 0.0, 0.0, 0.0, 1.0, 0.0, 0.0, 0.0, 0.0, 1.0], 0, 4257, 0, 4096]
}
