{
  "AlarmClockMike/Geom/ClockBody/PanelOrnament/pPlane1/pPlaneShape1": [[0.31648737192153931, 0.0039063091389834881, 0.0053406576626002789], [1.0, 0.0, 0.0, 0.0, 0.0, 1.0, 0.0, 0.0, 0.0, 0.0, 1.0, 0.0, 0.0, 0.0, 0.0, 1.0], 0, 297, 0, 256],
  "AlarmClockMike/Geom/ClockBody/Bolt/pCube1/pCubeShape1": [[0.076783403754234314, 0.21257343888282776, 0.49437704682350159], [1.0, 0.0, 0.0, 0.0, 0.0, 1.0, 0.0, 0.0, 0.0, 0.0, 1.0, 0.0, 0.0, 0.0, 0.0, 1.0], 297, 337, 256, 320],
  "AlarmClockMike/Geom/ClockBody/Bolt/pCylinder3/pCylinderShape3": [[0.12385748326778412, 0.18173493444919586, 0.21762417256832123], [1.0, 0.0, 0.0, 0.0, 0.0, 1.0, 0.0, 0.0, 0.0, 0.0, 1.0, 0.0, 0.0, 0.0, 0.0, 1.0], 634, 2178, 576, 2176],
  "AlarmClockMike/Geom/Bells/Bell1/bellSupport1/bellSupportShape1": [[0.12385748326778412, 0.18173493444919586, 0.21762417256832123], [1.0, 0.0, 0.0, 0.0, 0.0, 1.0, 0.0, 0.0, 0.0, 0.0, 1.0, 0.0, 0.0, 0.0, 0.0, 1.0], 2812, 1600, 2752, 1536],
  "AlarmClockMike/Geom/ClockBody/ClockCase/ClockCaseShape": [[0.11624322086572647, 0.35431444644927979, 0.11624322086572647], [1.0, 0.0, 0.0, 0.0, 0.0, 1.0, 0.0, 0.0, 0.0, 0.0, 1.0, 0.0, 0.0, 0.0, 0.0, 1.0], 4412, 3136, 4288, 3072],
  "AlarmClockMike/Geom/ClockBody/PanelOrnament/pPlane3/pPlaneShape3": [[0.31648737192153931, 0.0039063091389834881, 0.0053406576626002789], [1.0, 0.0, 0.0, 0.0, 0.0, 1.0, 0.0, 0.0, 0.0, 0.0, 1.0, 0.0, 0.0, 0.0, 0.0, 1.0], 7548, 297, 7360, 256],
  "AlarmClockMike/Geom/Feet/Foot1/Foot1Ring/Foot1RingShape": [[0.11624322086572647, 0.35431444644927979, 0.49437704682350159], [1.0, 0.0, 0.0, 0.0, 0.0, 1.0, 0.0, 0.0, 0.0, 0.0, 1.0, 0.0, 0.0, 0.0, 0.0, 1.0], 7845, 1794, 7616, 1792],
  "AlarmClockMike/Geom/Feet/Foot1/Foot1Surface/Foot1SurfaceShape": [[0.31648737192153931, 0.0039063091389834881, 0.0053406576626002789], [1.0, 0.0, 0.0, 0.0, 0.0, 1.0, 0.0, 0.0, 0.0, 0.0, 1.0, 0.0, 0.0, 0.0, 0.0, 1.0], 9639, 1689, 9408, 1664],
  "AlarmClockMike/Geom/Ringer/pCylinder2/pCylinderShape2": [[0.12385748326778412, 0.18173493444919586, 0.21762417256832123], [1.0, 0.0, 0.0, 0.0, 0.0, 1.0, 0.0, 0.0, 0.0, 0.0, 1.0, 0.0, 0.0, 0.0, 0.0, 1.0], 11328, 432, 11072, 384],
  "AlarmClockMike/Geom/Bells/Bell2/Bell2Surface/Bell2SurfaceShape": [[0.64449536800384521, 0.069947347044944763, 0.014999617822468281], [1.0, 0.0, 0.0, 0.0, 0.0, 1.0, 0.0, 0.0, 0.0, 0.0, 1.0, 0.0, 0.0, 0.0, 0.0, 1.0], 11760, 5696, 11456, 5632],
  "AlarmClockMike/Geom/ClockBody/MinuteHandRotate/LongArm/LongArmShape": [[0.17267107963562012, 0.022293431684374809, 0.3349965512752533], [1.0, 0.0, 0.0, 0.0, 0.0, 0.97437006478523558, -0.22495105434386334, 0.0, 0.0, 0.22495105434386334, 0.97437006478523558, 0.0, 0.0, -4.0175059371507738, -0.22107212117854047, 1.0], 17456, 3714, 17088, 3712],
  "AlarmClockMike/Geom/Bells/Bell1/Bell1Cone/Bell1ConeShape": [[0.12385748326778412, 0.18173493444919586, 0.21762417256832123], [1.0, 0.0, 0.0, 0.0, 0.0, 1.0, 0.0, 0.0, 0.0, 0.0, 1.0, 0.0, 0.0, 0.0, 0.0, 1.0], 21170, 2841, 20800, 2816],
  "AlarmClockMike/Geom/ClockBody/ClockFrame/polySurface2/polySurfaceShape14": [[0.11624322086572647, 0.35431444644927979, 0.49437704682350159], [1.0, 0.0, 0.0, 0.0, 0.0, 1.0, 0.0, 0.0, 0.0, 0.0, 1.0, 0.0, 0.0, 0.0, 0.0, 1.0], 24011, 3648, 23616, 3584],
  "AlarmClockMike/Geom/ClockBody/PanelOrnament/pPlane2/pPlaneShape2": [[0.31648737192153931, 0.0039063091389834881, 0.0053406576626002789], [1.0, 0.0, 0.0, 0.0, 0.0, 1.0, 0.0, 0.0, 0.0, 0.0, 1.0, 0.0, 0.0, 0.0, 0.0, 1.0], 27659, 297, 27200, 256],
  "AlarmClockMike/Geom/ClockBody/HourHand/HourHandTweak/SmallArm/SmallArmShape": [[0.2849927544593811, 0.0035095748025923967, 0.0090180831030011177], [1.0, 0.0, 0.0, 0.0, 0.0, 0.97437006478523558, -0.22495105434386334, 0.0, 0.0, 0.22495105434386334, 0.97437006478523558, 0.0, 0.0, 0.027336526124619009, 0.005901003362095425, 1.0], 27956, 3714, 27456, 3712],
  "AlarmClockMike/Geom/Bells/Bell2/Bell2Cone/Bell2ConeShape": [[0.12385748326778412, 0.18173493444919586, 0.21762417256832123], [1.0, 0.0, 0.0, 0.0, 0.0, 1.0, 0.0, 0.0, 0.0, 0.0, 1.0, 0.0, 0.0, 0.0, 0.0, 1.0], 31670, 2841, 31168, 2816],
  "AlarmClockMike/Geom/ClockBody/PanelOrnament/pPlane4/pPlaneShape4": [[0.31648737192153931, 0.0039063091389834881, 0.0053406576626002789], [1.0, 0.0, 0.0, 0.0, 0.0, 1.0, 0.0, 0.0, 0.0, 0.0, 1.0, 0.0, 0.0, 0.0, 0.0, 1.0], 34511, 297, 33984, 256],
  "AlarmClockMike/Geom/Bells/Bell1/Bell1Surface/Bell1SurfaceShape": [[0.64449536800384521, 0.069947347044944763, 0.014999617822468281], [1.0, 0.0, 0.0, 0.0, 0.0, 1.0, 0.0, 0.0, 0.0, 0.0, 1.0, 0.0, 0.0, 0.0, 0.0, 1.0], 34808, 5696, 34240, 5632],
  "AlarmClockMike/Geom/Feet/Foot2/Foot2Surface/Foot2SurfaceShape": [[0.31648737192153931, 0.0039063091389834881, 0.0053406576626002789], [1.0, 0.0, 0.0, 0.0, 0.0, 1.0, 0.0, 0.0, 0.0, 0.0, 1.0, 0.0, 0.0, 0.0, 0.0, 1.0], 40504, 1689, 39872, 1664],
  "AlarmClockMike/Geom/ClockBody/ClockKnob/nurbsToPoly5/nurbsToPolyShape5": [[0.12385748326778412, 0.18173493444919586, 0.21762417256832123], [1.0, 0.0, 0.0, 0.0, 0.0, 1.0, 0.0, 0.0, 0.0, 0.0, 1.0, 0.0, 0.0, 0.0, 0.0, 1.0], 42193, 2112, 41536, 2048],
  "AlarmClockMike/Geom/ClockBody/ClockGlass/ClockGlassShape": [[0.64551770687103271, 0.77720296382904053, 0.69102001190185547], [1.0, 0.0, 0.0, 0.0, 0.0, 1.0, 0.0, 0.0, 0.0, 0.0, 1.0, 0.0, 0.0, 0.0, 0.0, 1.0], 44305, 2849, 43584, 2816],
  "AlarmClockMike/Geom/Feet/Foot2/Foot2Ring/Foot2RingShape": [[0.11624322086572647, 0.35431444644927979, 0.49437704682350159], [1.0, 0.0, 0.0, 0.0, 0.0, 1.0, 0.0, 0.0, 0.0, 0.0, 1.0, 0.0, 0.0, 0.0, 0.0, 1.0], 47154, 1794, 46400, 1792],
  "AlarmClockMike/Geom/ClockBody/ClockPanel/ClockPanelShape": [[0.56508731842041016, 0.87681388854980469, 0.80515754222869873], [1.0729818116941399, 0.0, 0.0, 0.0, 0.0, 1.0729818116941399, 0.0, 0.0, 0.0, 0.0, 1.0729818116941399, 0.0, 0.0, 0.4205513703987025, -1.3512968506061362, 1.0], 48948, 1313, 48192, 1280],
  "AlarmClockMike/Geom/ClockBody/ClockFrame/polySurface1/polySurfaceShape13": [[0.11624322086572647, 0.35431444644927979, 0.49437704682350159], [1.0, 0.0, 0.0, 0.0, 0.0, 1.0, 0.0, 0.0, 0.0, 0.0, 1.0, 0.0, 0.0, 0.0, 0.0, 1.0], 50261, 4672, 49472, 4608],
  "AlarmClockMike/Geom/ClockBody/ClockKnob/nurbsToPoly6/nurbsToPolyShape6": [[0.12385748326778412, 0.18173493444919586, 0.21762417256832123], [1.0, 0.0, 0.0, 0.0, 0.0, 1.0, 0.0, 0.0, 0.0, 0.0, 1.0, 0.0, 0.0, 0.0, 0.0, 1.0], 54933, 8216, 54080, 8128],
  "AlarmClockMike/Geom/Ringer/pCylinder1/pCylinderShape1": [[0.12385748326778412, 0.18173493444919586, 0.21762417256832123], [1.0, 0.0, 0.0, 0.0, 0.0, 1.0, 0.0, 0.0, 0.0, 0.0, 1.0, 0.0, 0.0, 0.0, 0.0, 1.0], 63149, 2178, 62208, 2176],
  "AlarmClockMike/Geom/Ringer/top/topShape": [[0.75900000333786011, 0.62024718523025513, 0.072104997932910919], [1.0, 0.0, 0.0, 0.0, 0.0, 1.0, 0.0, 0.0, 0.0, 0.0, 1.0, 0.0, 0.0, 0.0, 0.0, 1.0], 65327, 1689, 64384, 1664],
  "AlarmClockMike/Geom/Bells/Bell2/bellSupport2/bellSupportShape2": [[0.12385748326778412, 0.18173493444919586, 0.21762417256832123], [1.0, 0.0, 0.0, 0.0, 0.0, 1.0, 0.0, 0.0, 0.0, 0.0, 1.0, 0.0, 0.0, 0.0, 0.0, 1.0], 67016, 1600, 66048, 1536]
}
