{
  "AlarmClockMike/Geom/ClockBody/MinuteHandRotate/LongArm/LongArmShape": [[0.17267107963562012, 0.022293431684374809, 0.3349965512752533], [1.0, 0.0, 0.0, 0.0, 0.0, 0.97437006478523558, -0.22495105434386334, 0.0, 0.0, 0.22495105434386334, 0.97437006478523558, 0.0, 0.0, -4.0175059371507738, -0.22107212117854047, 1.0], 367338, 79182, 4272, 928],
  "AlarmClockMike/Geom/Feet/Foot1/Foot1Ring/Foot1RingShape": [[0.11624322086572647, 0.35431444644927979, 0.49437704682350159], [1.0, 0.0, 0.0, 0.0, 0.0, 1.0, 0.0, 0.0, 0.0, 0.0, 1.0, 0.0, 0.0, 0.0, 0.0, 1.0], 164229, 38232, 1904, 448],
  "AlarmClockMike/Geom/ClockBody/ClockKnob/nurbsToPoly6/nurbsToPolyShape6": [[0.12385748326778412, 0.18173493444919586, 0.21762417256832123], [1.0, 0.0, 0.0, 0.0, 0.0, 1.0, 0.0, 0.0, 0.0, 0.0, 1.0, 0.0, 0.0, 0.0, 0.0, 1.0], 1160103, 174053, 13520, 2032],
  "AlarmClockMike/Geom/Feet/Foot2/Foot2Ring/Foot2RingShape": [[0.11624322086572647, 0.35431444644927979, 0.49437704682350159], [1.0, 0.0, 0.0, 0.0, 0.0, 1.0, 0.0, 0.0, 0.0, 0.0, 1.0, 0.0, 0.0, 0.0, 0.0, 1.0], 995529, 38232, 11600, 448],
  "AlarmClockMike/Geom/Ringer/pCylinder2/pCylinderShape2": [[0.12385748326778412, 0.18173493444919586, 0.21762417256832123], [1.0, 0.0, 0.0, 0.0, 0.0, 1.0, 0.0, 0.0, 0.0, 0.0, 1.0, 0.0, 0.0, 0.0, 0.0, 1.0], 238146, 8568, 2768, 96],
  "AlarmClockMike/Geom/Bells/Bell1/Bell1Surface/Bell1SurfaceShape": [[0.64449536800384521, 0.069947347044944763, 0.014999617822468281], [1.0, 0.0, 0.0, 0.0, 0.0, 1.0, 0.0, 0.0, 0.0, 0.0, 1.0, 0.0, 0.0, 0.0, 0.0, 1.0], 734718, 120624, 8560, 1408],
  "AlarmClockMike/Geom/ClockBody/Bolt/pCube1/pCubeShape1": [[0.076783403754234314, 0.21257343888282776, 0.49437704682350159], [1.0, 0.0, 0.0, 0.0, 0.0, 1.0, 0.0, 0.0, 0.0, 0.0, 1.0, 0.0, 0.0, 0.0, 0.0, 1.0], 5781, 6957, 64, 80],
  "AlarmClockMike/Geom/ClockBody/ClockGlass/ClockGlassShape": [[0.64551770687103271, 0.77720296382904053, 0.69102001190185547], [1.0, 0.0, 0.0, 0.0, 0.0, 1.0, 0.0, 0.0, 0.0, 0.0, 1.0, 0.0, 0.0, 0.0, 0.0, 1.0], 935211, 60318, 10896, 704],
  "AlarmClockMike/Geom/ClockBody/ClockKnob/nurbsToPoly5/nurbsToPolyShape5": [[0.12385748326778412, 0.18173493444919586, 0.21762417256832123], [1.0, 0.0, 0.0, 0.0, 0.0, 1.0, 0.0, 0.0, 0.0, 0.0, 1.0, 0.0, 0.0, 0.0, 0.0, 1.0], 891027, 44184, 10384, 512],
  "AlarmClockMike/Geom/ClockBody/ClockCase/ClockCaseShape": [[0.11624322086572647, 0.35431444644927979, 0.11624322086572647], [1.0, 0.0, 0.0, 0.0, 0.0, 1.0, 0.0, 0.0, 0.0, 0.0, 1.0, 0.0, 0.0, 0.0, 0.0, 1.0], 92424, 66024, 1072, 768],
  "AlarmClockMike/Geom/ClockBody/PanelOrnament/pPlane2/pPlaneShape2": [[0.31648737192153931, 0.0039063091389834881, 0.0053406576626002789], [1.0, 0.0, 0.0, 0.0, 0.0, 1.0, 0.0, 0.0, 0.0, 0.0, 1.0, 0.0, 0.0, 0.0, 0.0, 1.0], 583719, 5781, 6800, 64],
  "AlarmClockMike/Geom/ClockBody/ClockPanel/ClockPanelShape": [[0.56508731842041016, 0.87681388854980469, 0.80515754222869873], [1.0729818116941399, 0.0, 0.0, 0.0, 0.0, 1.0729818116941399, 0.0, 0.0, 0.0, 0.0, 1.0729818116941399, 0.0, 0.0, 0.4205513703987025, -1.3512968506061362, 1.0], 1033761, 27558, 12048, 320],
  "AlarmClockMike/Geom/Bells/Bell1/bellSupport1/bellSupportShape1": [[0.12385748326778412, 0.18173493444919586, 0.21762417256832123], [1.0, 0.0, 0.0, 0.0, 0.0, 1.0, 0.0, 0.0, 0.0, 0.0, 1.0, 0.0, 0.0, 0.0, 0.0, 1.0], 59160, 33264, 688, 384],
  "AlarmClockMike/Geom/ClockBody/PanelOrnament/pPlane3/pPlaneShape3": [[0.31648737192153931, 0.0039063091389834881, 0.0053406576626002789], [1.0, 0.0, 0.0, 0.0, 0.0, 1.0, 0.0, 0.0, 0.0, 0.0, 1.0, 0.0, 0.0, 0.0, 0.0, 1.0], 158448, 5781, 1840, 64],
  "AlarmClockMike/Geom/Feet/Foot1/Foot1Surface/Foot1SurfaceShape": [[0.31648737192153931, 0.0039063091389834881, 0.0053406576626002789], [1.0, 0.0, 0.0, 0.0, 0.0, 1.0, 0.0, 0.0, 0.0, 0.0, 1.0, 0.0, 0.0, 0.0, 0.0, 1.0], 202461, 35685, 2352, 416],
  "AlarmClockMike/Geom/ClockBody/ClockFrame/polySurface1/polySurfaceShape13": [[0.11624322086572647, 0.35431444644927979, 0.49437704682350159], [1.0, 0.0, 0.0, 0.0, 0.0, 1.0, 0.0, 0.0, 0.0, 0.0, 1.0, 0.0, 0.0, 0.0, 0.0, 1.0], 1061319, 98784, 12368, 1152],
  "AlarmClockMike/Geom/Bells/Bell1/Bell1Cone/Bell1ConeShape": [[0.12385748326778412, 0.18173493444919586, 0.21762417256832123], [1.0, 0.0, 0.0, 0.0, 0.0, 1.0, 0.0, 0.0, 0.0, 0.0, 1.0, 0.0, 0.0, 0.0, 0.0, 1.0], 446520, 60255, 5200, 704],
  "AlarmClockMike/Geom/Feet/Foot2/Foot2Surface/Foot2SurfaceShape": [[0.31648737192153931, 0.0039063091389834881, 0.0053406576626002789], [1.0, 0.0, 0.0, 0.0, 0.0, 1.0, 0.0, 0.0, 0.0, 0.0, 1.0, 0.0, 0.0, 0.0, 0.0, 1.0], 855342, 35685, 9968, 416],
  "AlarmClockMike/Geom/ClockBody/Bolt/pCylinder3/pCylinderShape3": [[0.12385748326778412, 0.18173493444919586, 0.21762417256832123], [1.0, 0.0, 0.0, 0.0, 0.0, 1.0, 0.0, 0.0, 0.0, 0.0, 1.0, 0.0, 0.0, 0.0, 0.0, 1.0], 12738, 46422, 144, 544],
  "AlarmClockMike/Geom/ClockBody/HourHand/HourHandTweak/SmallArm/SmallArmShape": [[0.2849927544593811, 0.0035095748025923967, 0.0090180831030011177], [1.0, 0.0, 0.0, 0.0, 0.0, 0.97437006478523558, -0.22495105434386334, 0.0, 0.0, 0.22495105434386334, 0.97437006478523558, 0.0, 0.0, 0.027336526124619009, 0.005901003362095425, 1.0], 589500, 79182, 6864, 928],
  "AlarmClockMike/Geom/ClockBody/PanelOrnament/pPlane4/pPlaneShape4": [[0.31648737192153931, 0.0039063091389834881, 0.0053406576626002789], [1.0, 0.0, 0.0, 0.0, 0.0, 1.0, 0.0, 0.0, 0.0, 0.0, 1.0, 0.0, 0.0, 0.0, 0.0, 1.0], 728937, 5781, 8496, 64],
  "AlarmClockMike/Geom/Ringer/top/topShape": [[0.75900000333786011, 0.62024718523025513, 0.072104997932910919], [1.0, 0.0, 0.0, 0.0, 0.0, 1.0, 0.0, 0.0, 0.0, 0.0, 1.0, 0.0, 0.0, 0.0, 0.0, 1.0], 1380578, 35685, 16096, 416],
  "AlarmClockMike/Geom/Bells/Bell2/Bell2Cone/Bell2ConeShape": [[0.12385748326778412, 0.18173493444919586, 0.21762417256832123], [1.0, 0.0, 0.0, 0.0, 0.0, 1.0, 0.0, 0.0, 0.0, 0.0, 1.0, 0.0, 0.0, 0.0, 0.0, 1.0], 668682, 60255, 7792, 704],
  "AlarmClockMike/Geom/ClockBody/ClockFrame/polySurface2/polySurfaceShape14": [[0.11624322086572647, 0.35431444644927979, 0.49437704682350159], [1.0, 0.0, 0.0, 0.0, 0.0, 1.0, 0.0, 0.0, 0.0, 0.0, 1.0, 0.0, 0.0, 0.0, 0.0, 1.0], 506775, 76944, 5904, 896],
  "AlarmClockMike/Geom/Bells/Bell2/Bell2Surface/Bell2SurfaceShape": [[0.64449536800384521, 0.069947347044944763, 0.014999617822468281], [1.0, 0.0, 0.0, 0.0, 0.0, 1.0, 0.0, 0.0, 0.0, 0.0, 1.0, 0.0, 0.0, 0.0, 0.0, 1.0], 246714, 120624, 2864, 1408],
  "AlarmClockMike/Geom/Ringer/pCylinder1/pCylinderShape1": [[0.12385748326778412, 0.18173493444919586, 0.21762417256832123], [1.0, 0.0, 0.0, 0.0, 0.0, 1.0, 0.0, 0.0, 0.0, 0.0, 1.0, 0.0, 0.0, 0.0, 0.0, 1.0], 1334156, 46422, 15552, 544],
  "AlarmClockMike/Geom/Bells/Bell2/bellSupport2/bellSupportShape2": [[0.12385748326778412, 0.18173493444919586, 0.21762417256832123], [1.0, 0.0, 0.0, 0.0, 0.0, 1.0, 0.0, 0.0, 0.0, 0.0, 1.0, 0.0, 0.0, 0.0, 0.0, 1.0], 1416263, 33264, 16512, 384],
  "AlarmClockMike/Geom/ClockBody/PanelOrnament/pPlane1/pPlaneShape1": [[0.31648737192153931, 0.0039063091389834881, 0.0053406576626002789], [1.0, 0.0, 0.0, 0.0, 0.0, 1.0, 0.0, 0.0, 0.0, 0.0, 1.0, 0.0, 0.0, 0.0, 0.0, 1.0], 0, 5781, 0, 64]
}
